{
   "heightinchestotalAve": 72.77739294710328,
   "weightAve": 200.61964735516372,
   "fortyydAve": 4.485012658227847,
   "twentyssAve": 4.194933774834436,
   "threeconeAve": 6.903491124260354,
   "verticalAve": 35.84366576819407,
   "broadAve": 120.86705202312139,
   "benchAve": 15.209876543209877
}