{
   "heightinchestotalAve": 72.77739294710328,
   "weightAve": 200.61964735516372,
   "fortyydAve": 4.485012658227847,
   "twentyssAve": 4.194933774834436,
   "threeconeAve": 6.903491124260354,
   "verticalAve": 35.84366576819407,
   "broadAve": 120.86705202312139,
   "benchAve": 15.209876543209877,
   "maxHeight": 78,
   "minHeight": 65,
   "maxWeight": 247,
   "minWeight": 155,
   "maxForty": 4.79,
   "minForty": 4.24,
   "maxTwenty": 4.77,
   "minTwenty": 3.73,
   "maxThree": 7.39,
   "minThree": 6.3,
   "maxVertical": 45,
   "minVertical": 26,
   "maxBroad": 139,
   "minBroad": 105,
   "maxBench": 27,
   "minBench": 4
}