{"numberOfFeatures":9,"features":[53,69,178,4.24,3.96,6.903491124260354,37,117,15.209876543209877,258,75,215,4.63,4.28,6.903491124260354,34.5,114,15.209876543209877,177,73,199,4.51,4.31,6.903491124260354,33.5,120.86705202312139,15.209876543209877,258,73,200,4.46,4.194933774834436,6.903491124260354,35.5,118,15.209876543209877,35,75,233,4.57,4.18,6.903491124260354,33,113,15.209876543209877,232,71,180,4.55,4.09,6.903491124260354,35,116,15.209876543209877,50,73,194,4.64,4.24,6.903491124260354,35.5,113,15.209876543209877,109,73,197,4.49,4.01,6.903491124260354,35.5,118,15.209876543209877,123,74,194,4.48,4.194933774834436,6.903491124260354,37,129,15.209876543209877,101,68,164,4.47,4.14,6.903491124260354,32.5,112,15.209876543209877],"output":[247,218,196,108,204,53,201,105,171,98]}