{"numberOfFeatures":8,"features":[-3.77739294710328,-22.61964735516372,-0.24501265822784646,-0.23493377483443645,0,1.1563342318059284,-3.8670520231213885,0,2.22260705289672,14.380352644836279,0.14498734177215322,0.08506622516556384,0,-1.3436657681940716,-6.8670520231213885,0,0.2226070528967199,-1.6196473551637212,0.024987341772153115,0.1150662251655632,0,-2.3436657681940716,0,0,0.2226070528967199,-0.6196473551637212,-0.025012658227846707,0,0,-0.3436657681940716,-2.8670520231213885,0,2.22260705289672,32.38035264483628,0.08498734177215361,-0.014933774834436697,0,-2.8436657681940716,-7.8670520231213885,0,-1.77739294710328,-20.61964735516372,0.06498734177215315,-0.10493377483443656,0,-0.8436657681940716,-4.8670520231213885,0,0.2226070528967199,-6.619647355163721,0.154987341772153,0.0450662251655638,0,-0.3436657681940716,-7.8670520231213885,0,0.2226070528967199,-3.619647355163721,0.004987341772153542,-0.18493377483443663,0,-0.3436657681940716,-2.8670520231213885,0,1.22260705289672,-6.619647355163721,-0.005012658227846245,0,0,1.1563342318059284,8.132947976878611,0,-4.77739294710328,-36.61964735516372,-0.01501265822784692,-0.05493377483443673,0,-3.3436657681940716,-8.867052023121389,0],"output":[247,218,196,108,204,53,201,105,171,98]}