{"numberOfFeatures":8,"features":[0.3076923076923077,0.25,0,0.22115384615384623,0.5536615818902331,0.5789473684210527,0.35294117647058826,0.487385936661299,0.7692307692307693,0.6521739130434783,0.7090909090909088,0.5288461538461543,0.5536615818902331,0.4473684210526316,0.2647058823529412,0.487385936661299,0.6153846153846154,0.4782608695652174,0.4909090909090903,0.5576923076923076,0.5536615818902331,0.39473684210526316,0.46667800068004084,0.487385936661299,0.6153846153846154,0.4891304347826087,0.3999999999999997,0.44705170657157367,0.5536615818902331,0.5,0.38235294117647056,0.487385936661299,0.7692307692307693,0.8478260869565217,0.6000000000000003,0.4326923076923076,0.5536615818902331,0.3684210526315789,0.23529411764705882,0.487385936661299,0.46153846153846156,0.2717391304347826,0.5636363636363632,0.34615384615384615,0.5536615818902331,0.47368421052631576,0.3235294117647059,0.487385936661299,0.6153846153846154,0.42391304347826086,0.7272727272727265,0.4903846153846158,0.5536615818902331,0.5,0.23529411764705882,0.487385936661299,0.6153846153846154,0.45652173913043476,0.4545454545454547,0.26923076923076916,0.5536615818902331,0.5,0.38235294117647056,0.487385936661299,0.6923076923076923,0.42391304347826086,0.4363636363636369,0.44705170657157367,0.5536615818902331,0.5789473684210527,0.7058823529411765,0.487385936661299,0.23076923076923078,0.09782608695652174,0.4181818181818175,0.3942307692307691,0.5536615818902331,0.34210526315789475,0.20588235294117646,0.487385936661299],"output":[247,218,196,108,204,53,201,105,171,98]}