{
   "heightinchestotalAve": 70.83457446808511,
   "weightAve": 214.41702127659573,
   "fortyydAve": 4.526896551724138,
   "twentyssAve": 4.228930817610063,
   "threeconeAve": 6.993421052631578,
   "verticalAve": 35.104651162790695,
   "broadAve": 118.86666666666666,
   "benchAve": 20.428571428571427
}