{"numberOfFeatures":8,"features":[-0.8345744680851084,-17.417021276595733,0.14310344827586174,-0.07893081761006293,0,-4.104651162790695,-2.86666666666666,-0.42857142857142705,-2.8345744680851084,-9.417021276595733,0.0431034482758621,-0.13893081761006343,0,-1.1046511627906952,-4.86666666666666,0,2.1654255319148916,1.582978723404267,0.18310344827586178,-0.09893081761006339,0,-1.1046511627906952,-2.86666666666666,1.571428571428573,2.1654255319148916,-15.417021276595733,0.013103448275861851,0.08106918238993632,0,-3.104651162790695,-5.86666666666666,-0.42857142857142705,0.16542553191489162,8.582978723404267,0.053103448275861886,0,0,-0.1046511627906952,-1.86666666666666,-0.42857142857142705,2.1654255319148916,1.582978723404267,-0.1468965517241383,-0.3489308176100634,0,0,0,0,0.16542553191489162,12.582978723404267,0.10310344827586171,-0.008930817610063535,0,0,0,0,-0.8345744680851084,-25.417021276595733,-0.03689655172413797,-0.06893081761006314,0,6.395348837209305,1.13333333333334,-7.428571428571427,0.16542553191489162,29.582978723404267,0.033103448275861425,0,0,1.8953488372093048,5.13333333333334,0,-2.8345744680851084,-11.417021276595733,0.003103448275862064,-0.13893081761006343,0,0,0,0],"output":[233,46,127,207,103,4,49,159,5,95]}