{"numberOfFeatures":9,"features":[174,70,197,4.67,4.15,6.993421052631578,31,116,20,103,68,205,4.57,4.09,6.993421052631578,34,114,20.428571428571427,68,73,216,4.71,4.13,6.993421052631578,34,116,22,9,73,199,4.54,4.31,6.993421052631578,32,113,20,125,71,223,4.58,4.228930817610063,6.993421052631578,35,117,20,121,73,216,4.38,3.88,6.993421052631578,35.104651162790695,118.86666666666666,20.428571428571427,177,71,227,4.63,4.22,6.993421052631578,35.104651162790695,118.86666666666666,20.428571428571427,178,70,189,4.49,4.16,6.993421052631578,41.5,120,13,238,71,244,4.56,4.228930817610063,6.993421052631578,37,124,20.428571428571427,274,68,203,4.53,4.09,6.993421052631578,35.104651162790695,118.86666666666666,20.428571428571427],"output":[233,46,127,207,103,4,49,159,5,95]}