{"numberOfFeatures":8,"features":[0.4,0.2553191489361702,0.6718749999999999,0.3882352941176476,0.4885356956748297,0.1935483870967742,0.38235294117647056,0.42857142857142855,0.2,0.3404255319148936,0.5156250000000003,0.3176470588235294,0.4885356956748297,0.3870967741935484,0.3235294117647059,0.4438775510204081,0.7,0.4574468085106383,0.734375,0.3647058823529412,0.4885356956748297,0.3870967741935484,0.38235294117647056,0.5,0.7,0.2765957446808511,0.46874999999999994,0.5764705882352937,0.4885356956748297,0.25806451612903225,0.29411764705882354,0.42857142857142855,0.5,0.5319148936170213,0.53125,0.4810950795412511,0.4885356956748297,0.45161290322580644,0.4117647058823529,0.42857142857142855,0.7,0.4574468085106383,0.2187499999999996,0.0705882352941177,0.4885356956748297,0.45836459114778677,0.46666666666666645,0.4438775510204081,0.5,0.574468085106383,0.6093749999999998,0.4705882352941175,0.4885356956748297,0.45836459114778677,0.46666666666666645,0.4438775510204081,0.4,0.1702127659574468,0.3906250000000002,0.4000000000000003,0.4885356956748297,0.8709677419354839,0.5,0.17857142857142858,0.5,0.7553191489361702,0.4999999999999993,0.4810950795412511,0.4885356956748297,0.5806451612903226,0.6176470588235294,0.4438775510204081,0.2,0.3191489361702128,0.4531250000000003,0.3176470588235294,0.4885356956748297,0.45836459114778677,0.46666666666666645,0.4438775510204081],"output":[233,46,127,207,103,4,49,159,5,95]}