{"numberOfFeatures":9,"features":[99,68,173,4.26,4.06,6.86,38,122,20,103,74,223,4.63,4.5,7.15,32,121,13,7,69,207,4.7,4.38,7.08,32.5,115,19,61,68,206,4.58,4.26,7.11,31.5,118,20.428571428571427,226,71,220,4.49,4.18,6.78,36.5,116,20.428571428571427,8,72,208,4.526896551724138,4.228930817610063,6.993421052631578,35.104651162790695,118.86666666666666,20.428571428571427,103,73,233,4.66,4.228930817610063,6.993421052631578,29,113,20,176,72,230,4.66,4.228930817610063,6.993421052631578,34.5,114,19,30,72,209,4.6,4.228930817610063,6.993421052631578,35.5,118,16,13,68,207,4.5,4.15,6.993421052631578,38.5,126,20.428571428571427,69,69,209,4.41,4.12,6.83,40.5,132,32,269,69,209,4.49,4,6.75,35.5,126,26,17,69,201,4.51,4.228930817610063,6.993421052631578,41.5,134,15,274,72,214,4.48,4.3,7.16,37.5,126,17,39,72,229,4.58,4.22,6.88,33,118,18,181,69,174,4.5,4.228930817610063,6.993421052631578,32,124,8,247,69,225,4.54,4.228930817610063,6.993421052631578,33.5,120,16,282,69,204,4.57,4.2,7.05,32,114,23,22,71,230,4.56,4.06,7.27,38,129,20.428571428571427,282,70,214,4.66,4.4,6.88,32,118,15,181,69,196,4.52,4.2,6.87,35.5,122,20,125,73,230,4.6,4.24,6.75,31.5,118,24,158,68,202,4.53,4.12,6.91,33.5,122,19,268,73,246,4.88,4.42,7.27,35,119,36,146,70,214,4.73,4.09,6.85,39,125,21,9,70,227,4.37,4.38,6.96,33.5,121,31,38,69,199,4.61,4.228930817610063,6.993421052631578,34,122,20.428571428571427,256,70,205,4.49,4.31,6.89,31.5,115,18,57,71,208,4.55,4.4,7.12,30.5,119,15,121,70,223,4.53,4.62,6.993421052631578,35,115,28,199,67,203,4.68,4.228930817610063,6.993421052631578,29,110,20,3,71,231,4.58,4.228930817610063,6.993421052631578,35.104651162790695,118.86666666666666,20.428571428571427,214,71,221,4.526896551724138,4.228930817610063,6.993421052631578,35.104651162790695,118.86666666666666,20.428571428571427,239,70,220,4.54,4.02,6.69,43,125,27,255,74.5,223,4.38,4.36,6.81,36,124,22,180,72,204,4.63,4.228930817610063,6.993421052631578,35,123,20.428571428571427,174,70,201,4.68,4.228930817610063,6.993421052631578,32,118,20.428571428571427,226,69.125,214,4.76,4.5,7.13,30,110,17,262,68,195,4.48,4.15,7.15,35,118,17,98,75,251,4.81,4.228930817610063,6.993421052631578,35.104651162790695,118.86666666666666,22,125,68,204,4.53,4.31,7.27,35,111,20,132,70,219,4.65,4.19,7.03,33,115,23,17,71,239,4.67,4.25,7.15,37,119,20.428571428571427,239,70,206,4.47,4.228930817610063,7.17,32,114,21,177,70,213,4.66,4.04,6.97,35,117,22,208,69,200,4.45,4.228930817610063,6.993421052631578,37,118.86666666666666,17,181,68,194,4.45,4.12,6.88,35,123,15,21,69,223,4.55,4.16,6.79,36,120,28,121,71,212,4.4,4.228930817610063,6.993421052631578,33,118.86666666666666,20.428571428571427,59,70,219,4.67,4.19,7.01,35,117,16,35,70,197,4.47,4.32,6.95,33,116,20.428571428571427,231,72,218,4.49,4.28,7.07,36,123,17,57,68,180,4.45,3.93,6.5,36,120,16,3,69,228,4.526896551724138,4.228930817610063,6.993421052631578,35.104651162790695,118.86666666666666,20.428571428571427,262,68.5,207,4.33,4.35,7.51,40.5,126,23,262,70,222,4.5,4.31,7.16,36,122,28,267,70,206,4.49,4.12,7.09,41,132,20.428571428571427,71,73,228,4.56,4.06,6.993421052631578,41.5,120,24,258,71,242,4.53,4.39,6.993421052631578,29,113,28,228,69,222,4.54,4.07,6.993421052631578,37,120,27,38,71,233,4.53,4.39,6.993421052631578,36.5,120,24,146,73,219,4.4,4.01,6.993421052631578,36.5,119,11,180,67,199,4.46,4.21,6.993421052631578,35,122,24,3,69,215,4.62,4.62,6.993421052631578,31.5,113,21,55,72,194,4.53,4.228930817610063,6.993421052631578,35.104651162790695,118.86666666666666,13,86,73,227,4.56,4.4,6.993421052631578,38,122,21,189,67,193,4.56,4.18,6.993421052631578,34.5,112,17,178,73,213,4.37,4.18,6.993421052631578,34.5,130,21,111,71,207,4.51,4.228930817610063,6.993421052631578,35.104651162790695,118.86666666666666,18,103,71,225,4.65,4.21,6.993421052631578,36,118,18,183,66,196,4.59,4.26,6.993421052631578,33,113,20.428571428571427,186,73,212,4.65,4.18,6.993421052631578,34,113,20,115,71,211,4.4,4.2,6.993421052631578,34,117,19,98,72,230,4.63,4.228930817610063,6.993421052631578,35.104651162790695,118.86666666666666,21,45,69,203,4.4,4.18,6.993421052631578,38,126,25,28,70,210,4.49,4.28,6.993421052631578,34,115,31,158,70,209,4.5,4.31,6.993421052631578,32.5,117,20.428571428571427,267,69,212,4.59,4.18,6.993421052631578,40,123,19,28,70,199,4.34,4.17,6.993421052631578,32.5,113,18,132,73,233,4.67,4.49,6.993421052631578,33,121,15,71,71,229,4.64,4.67,6.993421052631578,33,107,15,226,73,231,4.5,4.25,6.993421052631578,38,118,22,232,73,225,4.49,4.14,6.993421052631578,41,124,21,66,73,218,4.37,4.33,6.993421052631578,36,121,19,258,73,198,4.4,4.228930817610063,6.993421052631578,36.5,120,18,103,73,238,4.68,4.47,6.993421052631578,30.5,111,20.428571428571427,38,71,196,4.27,4.228930817610063,6.993421052631578,35.104651162790695,118.86666666666666,18,26,74,218,4.5,4.23,6.993421052631578,36,119,15,13,71,220,4.34,4.12,6.993421052631578,40.5,124,26,160,73,224,4.37,4.33,6.993421052631578,37,115,24,45,70,210,4.46,4.1,6.993421052631578,41.5,125,20.428571428571427,3,73,209,4.5,4.51,6.993421052631578,36,121,24,38,71,218,4.55,4.37,6.993421052631578,32,109,17,239,73,208,4.46,4.22,6.993421052631578,39.5,118,14,90,71,227,4.62,4.4,6.993421052631578,37,121,19,106,73,231,4.59,4.2,6.993421052631578,34,120,29,42,70,219,4.75,4.228930817610063,6.993421052631578,34,114,20,68,71,217,4.5,4.27,6.993421052631578,35.5,115,25,238,73,220,4.57,4.29,6.993421052631578,35,111,19,266,70,216,4.34,4.29,6.993421052631578,40,117,27,125,69,205,4.55,4.11,6.993421052631578,34,115,23,0,70,200,4.44,4.08,6.993421052631578,36,125,21,177,73,235,4.52,4.228930817610063,6.993421052631578,33.5,128,25,234,70,223,4.51,4.228930817610063,6.993421052631578,33.5,116,25,214,73,213,4.52,4.24,6.993421052631578,33.5,118,25,68,69,204,4.51,4.228930817610063,6.993421052631578,36,128,25,238,71,200,4.38,4.22,6.993421052631578,30.5,122,20.428571428571427,71,71,215,4.48,4.228930817610063,6.993421052631578,34,119,20,249,74,217,4.44,4.23,6.993421052631578,33,118,23,123,69,206,4.69,4.228930817610063,6.993421052631578,28,110,23,50,71,197,4.24,4.228930817610063,6.993421052631578,35,118.86666666666666,20.428571428571427,9,70,207,4.44,4.19,6.993421052631578,33.5,124,20.428571428571427,9,73,211,4.33,4.228930817610063,6.993421052631578,33,128,20.428571428571427,86,70,225,4.41,4.18,6.993421052631578,33.5,117,26,170,71,228,4.52,4.228930817610063,6.993421052631578,31,112,17,246,73,224,4.47,4.29,6.993421052631578,34,125,19,199,68,199,4.42,4.2,6.993421052631578,31.5,119,23,274,69,197,4.45,4.228930817610063,6.993421052631578,33.5,118,19,255,73,217,4.53,4.49,6.993421052631578,32,120,20.428571428571427,181,70,235,4.46,4.228930817610063,6.993421052631578,36.5,128,28,259,73,213,4.59,4.228930817610063,6.993421052631578,30,116,21,8,73,222,4.61,4.228930817610063,6.993421052631578,34,120,21,62,71,191,4.46,4.228930817610063,6.993421052631578,35.5,121,26,114,70,198,4.55,4.09,6.993421052631578,34,112,20.428571428571427,98,70,218,4.63,4.228930817610063,6.993421052631578,36.5,121,23,3,71,211,4.75,4.53,6.993421052631578,30,108,19,7,71,230,4.4,4.16,6.993421052631578,36,127,26,79,69,245,4.77,4.42,6.993421052631578,30,103,25,13,71,203,4.45,4.17,6.993421052631578,38,123,20.428571428571427,146,70,210,4.54,4.14,6.993421052631578,37,122,21,199,74,226,4.52,4.22,6.993421052631578,34.5,122,28,28,71,215,4.46,4.58,6.993421052631578,35.5,125,20,178,74,217,4.4,4.4,6.993421052631578,38.5,127,20.428571428571427,177,71,207,4.4,4.16,6.993421052631578,35.5,123,16,111,71,220,4.5,4.34,6.993421052631578,38,114,18,167,68,186,4.4,4.08,6.993421052631578,35.5,118.86666666666666,20.428571428571427,66,73,228,4.66,4.43,6.993421052631578,34,115,14,57,71,232,4.47,4.228930817610063,6.993421052631578,31.5,115,20.428571428571427,103,71,214,4.4,4.48,6.993421052631578,38.5,125,18,282,69,201,4.57,4.24,6.993421052631578,31.5,124,18,71,70,214,4.64,4.4,6.993421052631578,33,116,21,260,70,218,4.5,4.228930817610063,6.993421052631578,35,119,29,266,70,202,4.67,4.43,6.993421052631578,35,114,20.428571428571427,271,69,201,4.47,4.08,6.993421052631578,34.5,124,19,267,73,227,4.62,4.23,