{
   "heightinchestotalAve": 75.1775147928994,
   "weightAve": 223.97633136094674,
   "fortyydAve": 4.811111111111111,
   "twentyssAve": 4.303897058823529,
   "threeconeAve": 7.1309375,
   "verticalAve": 31.663120567375888,
   "broadAve": 110.66666666666667
}