{
   "heightinchestotalAve": 75.1775147928994,
   "weightAve": 223.97633136094674,
   "fortyydAve": 4.811111111111111,
   "twentyssAve": 4.303897058823529,
   "threeconeAve": 7.1309375,
   "verticalAve": 31.663120567375888,
   "broadAve": 110.66666666666667,
   "maxHeight": 79,
   "minHeight": 70,
   "maxWeight": 265,
   "minWeight": 192,
   "maxForty": 5.37,
   "minForty": 4.33,
   "maxTwenty": 4.78,
   "minTwenty": 3.87,
   "maxThree": 7.55,
   "minThree": 6.75,
   "maxVertical": 39.5,
   "minVertical": 21.5,
   "maxBroad": 128,
   "minBroad": 98
}