{"numberOfFeatures":7,"features":[0.4444444444444444,0.3698630136986301,0.32692307692307676,0.6043956043956041,0.476171875,0.6944444444444444,0.36666666666666664,0.6666666666666666,0.863013698630137,0.1826923076923072,0.2857142857142854,0.476171875,0.9722222222222222,0.8,0.4444444444444444,0.1506849315068493,0.49999999999999956,0.5494505494505494,0.476171875,0.6111111111111112,0.5333333333333333,0.3333333333333333,0.2602739726027397,0.4807692307692307,0.3736263736263734,0.476171875,0.5833333333333334,0.23333333333333334,0.5555555555555556,0.4246575342465753,0.7307692307692305,0.5054945054945054,0.476171875,0.5,0.3333333333333333,0.7777777777777778,0.4794520547945205,0.7596153846153846,0.6263736263736266,0.476171875,0.5,0.3,0.3333333333333333,0.3972602739726027,0.4230769230769226,0.4615384615384614,0.476171875,0.6388888888888888,0.5,0.4444444444444444,0.4246575342465753,0.2980769230769227,0.5604395604395601,0.476171875,0.6388888888888888,0.6333333333333333,0.3333333333333333,0.2876712328767123,0.38461538461538497,0.4505494505494506,0.476171875,0.6666666666666666,0.5,0.5555555555555556,0.4794520547945205,0.31730769230769235,0.4615384615384614,0.476171875,0.6944444444444444,0.5333333333333333],"output":[245,11,151,101,239,77,50,2,12,3]}