{"numberOfFeatures":7,"features":[-1.1775147928994016,-4.9763313609467446,-0.14111111111111097,0.11610294117647069,0,2.3368794326241122,-1.6666666666666714,0.8224852071005984,31.023668639053255,-0.2911111111111113,-0.17389705882352935,0,7.336879432624112,11.333333333333329,-1.1775147928994016,-20.976331360946745,0.03888888888888875,0.06610294117647086,0,0.8368794326241122,3.3333333333333286,-2.1775147928994016,-12.976331360946745,0.018888888888889177,-0.09389705882352928,0,0.33687943262411224,-5.666666666666671,-0.17751479289940164,-0.9763313609467446,0.27888888888888896,0.02610294117647083,0,-1.1631205673758878,-2.6666666666666714,1.8224852071005984,3.0236686390532554,0.3088888888888892,0.13610294117647115,0,-1.1631205673758878,-3.6666666666666714,-2.1775147928994016,-2.9763313609467446,-0.04111111111111132,-0.013897058823529207,0,1.3368794326241122,2.3333333333333286,-1.1775147928994016,-0.9763313609467446,-0.1711111111111112,0.07610294117647065,0,1.3368794326241122,6.333333333333329,-2.1775147928994016,-10.976331360946745,-0.08111111111111047,-0.023897058823528994,0,1.8368794326241122,2.3333333333333286,-0.17751479289940164,3.0236686390532554,-0.15111111111111075,-0.013897058823529207,0,2.3368794326241122,3.3333333333333286],"output":[245,11,151,101,239,77,50,2,12,3]}