{"numberOfFeatures":7,"features":[1.8224852071005984,8.023668639053255,0.11888888888888882,-0.09389705882352928,-0.05093749999999986,0.8368794326241122,4.333333333333329,-2.1775147928994016,-1.9763313609467446,0.028888888888888964,-0.07389705882352882,0.19906250000000014,-1.1631205673758878,-4.666666666666671,-1.1775147928994016,-9.976331360946745,0,-0.10389705882352906,0.0390625,-1.6631205673758878,2.3333333333333286,-1.1775147928994016,-9.976331360946745,-0.1211111111111105,-0.10389705882352906,0,2.8368794326241122,-0.6666666666666714,-1.1775147928994016,-11.976331360946745,0.17888888888888932,0.19610294117647076,0.4190624999999999,-3.6631205673758878,-7.666666666666671,-1.1775147928994016,2.0236686390532554,0.15888888888888886,-0.043897058823529456,-0.0909374999999999,-1.1631205673758878,-0.6666666666666714,-3.1775147928994016,-16.976331360946745,-0.13111111111111118,-0.273897058823529,-0.38093749999999993,-0.16312056737588776,2.3333333333333286,-0.17751479289940164,-3.9763313609467446,0.1288888888888895,0.036102941176470615,0.04906249999999979,-3.6631205673758878,-11.666666666666671,0.8224852071005984,4.0236686390532554,0.15888888888888886,0.05610294117647108,0.19906250000000014,-4.663120567375888,-5.666666666666671,2.8224852071005984,24.023668639053255,-0.20111111111111057,-0.12389705882352953,-0.0809375000000001,3.8368794326241122,7.333333333333329,-0.17751479289940164,-5.9763313609467446,0.1888888888888891,-0.05389705882352924,-0.060937499999999645,-3.6631205673758878,-10.666666666666671,3.8224852071005984,1.0236686390532554,0.1288888888888895,0.21610294117647033,0.3590625000000003,-5.163120567375888,-8.666666666666671,0.8224852071005984,1.0236686390532554,0.2988888888888894,-0.00389705882352942,-0.010937499999999822,-0.6631205673758878,4.333333333333329,-1.1775147928994016,3.0236686390532554,0.24888888888888872,0.226102941176471,0.20906249999999993,-3.1631205673758878,-5.666666666666671,-1.1775147928994016,-5.9763313609467446,-0.22111111111111104,0,0,1.8368794326241122,13.333333333333329,0.8224852071005984,5.0236686390532554,0.15888888888888886,0.24610294117647058,0.0390625,-2.6631205673758878,1.3333333333333286,-1.1775147928994016,-8.976331360946745,0.13888888888888928,0.08610294117647044,0.08906249999999982,-3.1631205673758878,1.3333333333333286,-0.17751479289940164,9.023668639053255,0,0.07610294117647065,-0.060937499999999645,0,-1.6666666666666714,-0.17751479289940164,-9.976331360946745,0.11888888888888882,0.19610294117647076,-0.0809375000000001,-3.1631205673758878,-1.6666666666666714,1.8224852071005984,19.023668639053255,0.3288888888888888,0,0,-1.1631205673758878,1.3333333333333286,-1.1775147928994016,-0.9763313609467446,-0.40111111111111075,0,0,7.336879432624112,9.333333333333329,-2.1775147928994016,-4.9763313609467446,-0.05111111111111111,-0.1538970588235289,-0.3509374999999997,0.8368794326241122,1.3333333333333286,0.8224852071005984,5.0236686390532554,0.08888888888888946,0.14610294117647094,0.38906249999999964,-2.1631205673758878,-2.6666666666666714,0.8224852071005984,10.023668639053255,-0.14111111111111097,-0.023897058823528994,-0.3309375000000001,4.336879432624112,13.333333333333329,0.8224852071005984,-2.9763313609467446,0.07888888888888879,0.14610294117647094,0.2290625000000004,0.33687943262411224,-8.666666666666671,-4.177514792899402,-19.976331360946745,-0.26111111111111107,-0.21389705882352938,-0.16093750000000018,2.3368794326241122,7.333333333333329,-1.1775147928994016,-8.976331360946745,0.018888888888889177,-0.03389705882352967,0,-2.1631205673758878,-4.666666666666671,0.8224852071005984,16.023668639053255,0.3088888888888892,0.15610294117647072,0,-6.163120567375888,-8.666666666666671,0.8224852071005984,10.023668639053255,-0.20111111111111057,-0.043897058823529456,0,1.8368794326241122,9.333333333333329,1.8224852071005984,9.023668639053255,-0.28111111111111065,-0.12389705882352953,-0.2809375000000003,0.8368794326241122,4.333333333333329,-0.17751479289940164,7.0236686390532554,-0.3011111111111111,-0.18389705882352914,0,3.3368794326241122,4.333333333333329,3.8224852071005984,29.023668639053255,0.4288888888888893,0,0,-7.663120567375888,0,-1.1775147928994016,-3.9763313609467446,0.028888888888888964,0.14610294117647094,0,1.3368794326241122,-3.6666666666666714,1.8224852071005984,24.023668639053255,-0.2511111111111113,-0.12389705882352953,-0.2109375,3.3368794326241122,15.333333333333329,-1.1775147928994016,5.0236686390532554,-0.181111111111111,-0.21389705882352938,0,2.3368794326241122,5.333333333333329,0.8224852071005984,-0.9763313609467446,0.05888888888888921,0.12610294117647047,0,0.8368794326241122,-0.6666666666666714,-2.1775147928994016,-6.9763313609467446,-0.34111111111111114,-0.21389705882352938,0,5.836879432624112,15.333333333333329,-0.17751479289940164,-4.9763313609467446,0.24888888888888872,-0.18389705882352914,0,-2.1631205673758878,-6.666666666666671,0.8224852071005984,12.023668639053255,-0.02111111111111086,0,0,0,0,0.8224852071005984,5.0236686390532554,0.11888888888888882,0.12610294117647047,0,-0.16312056737588776,-4.666666666666671,0.8224852071005984,-0.9763313609467446,0.11888888888888882,0.08610294117647044,0,-2.1631205673758878,-10.666666666666671,-1.1775147928994016,-1.9763313609467446,-0.05111111111111111,0,0,0,0,-0.17751479289940164,6.0236686390532554,-0.21111111111111125,-0.08389705882352949,0,-2.1631205673758878,-0.6666666666666714,-2.1775147928994016,-7.9763313609467446,-0.02111111111111086,0,0,0,3.3333333333333286,2.8224852071005984,-0.9763313609467446,0.08888888888888946,0.226102941176471,-0.07093750000000032,-3.1631205673758878,-2.6666666666666714,-0.17751479289940164,-9.976331360946745,-0.13111111111111118,0.09610294117647111,0,3.3368794326241122,-0.6666666666666714,2.8224852071005984,19.023668639053255,0.03888888888888875,0.02610294117647083,0,1.8368794326241122,-2.6666666666666714,-0.17751479289940164,12.023668639053255,-0.10111111111111093,-0.1338970588235293,0,6.836879432624112,4.333333333333329,-1.1775147928994016,1.0236686390532554,-0.11111111111111072,-0.24389705882352963,0,0,-4.666666666666671,1.8224852071005984,-3.9763313609467446,0.05888888888888921,0.06610294117647086,0,-3.1631205673758878,-4.666666666666671,-1.1775147928994016,2.0236686390532554,0.13888888888888928,0,0,-5.163120567375888,-11.666666666666671,2.8224852071005984,24.023668639053255,0.08888888888888946,0.12610294117647047,-0.02093749999999961,1.8368794326241122,8.333333333333329,-0.17751479289940164,1.0236686390532554,-0.20111111111111057,0.18610294117647097,0,1.3368794326241122,1.3333333333333286,-0.17751479289940164,1.0236686390532554,0.05888888888888921,0.17610294117647118,0,-2.6631205673758878,-8.666666666666671,-1.1775147928994016,3.0236686390532554,0.11888888888888882,-0.09389705882352928,-0.07093750000000032,0.8368794326241122,5.333333333333329,-1.1775147928994016,1.0236686390532554,-0.0011111111111112848,0.1661029411764705,-0.07093750000000032,-1.1631205673758878,-3.6666666666666714,-2.1775147928994016,-26.976331360946745,-0.26111111111111107,0.11610294117647069,0,3.3368794326241122,6.333333333333329,2.8224852071005984,1.0236686390532554,0.16888888888888953,0.2961029411764704,0,-10.163120567375888,-2.6666666666666714,-1.1775147928994016,-12.976331360946745,0.14888888888888907,-0.11389705882352885,0,-3.6631205673758878,1.3333333333333286,-0.17751479289940164,6.0236686390532554,-0.0011111111111112848,0.24610294117647058,0,-1.6631205673758878,4.333333333333329,-0.17751479289940164,-5.9763313609467446,0.00888888888888939,0.27610294117647083,0,-9.163120567375888,-11.666666666666671,3.8224852071005984,12.023668639053255,0.028888888888888964,-0.03389705882352967,0,-3.1631205673758878,-0.6666666666666714,-1.1775147928994016,7.0236686390532554,-0.02111111111111086,0.036102941176470615,0,-3.6631205673758878,-1.6666666666666714,-0.17751479289940164,6.0236686390532554,0.10888888888888903,0.09610294117647111,0,-6.163120567375888,-4.666666666666671,-0.17751479289940164,-10.976331360946745,-0.28111111111111065,0.11610294117647069,0,